localizacao;descricao;dataDeAquisicao;departamento;observacoes
REA DO ANTIGO AEROPORTO;TERRENO MATRCULA 24575;05/01/2007;CADASTRO DE IMVEIS URBANOS-PATRIMNIO;Uma faixa de terreno situado zona leste no bairro projetado e sem denominao rea do antigo aeroporto destinada ao logradouro pblico designado como rua SD n 1189 de formato regularcom rea de 208000 mq ............................................................... Demais confrontaes conforme Certido 25475
REA DO ANTIGO AEROPORTO;TERRENO MATRCULA 25471;05/01/2007;CADASTRO DE IMVEIS URBANOS-PATRIMNIO;Um terreno situado zona leste no bairro projetado e sem denominao rea do antigo aeroporto nesta cidade localizado no quarteiro n1192............................................................................ Demais confrontaes conforme Certido.
REA DO ANTIGO AEROPORTO;TERRENO MATRCULA 25472;25/01/2007;CADASTRO DE IMVEIS URBANOS-PATRIMNIO;Um terreno situado zona leste no bairro projetado e sem denominao rea do antigo aeroporto nesta cidade localizado no quarteiro n1188........................................................................... Demais confrontaes conforme Certido 25472
REA DO ANTIGO AEROPORTO;TERRENO MATRCULA 25473;05/01/2007;CADASTRO DE IMVEIS URBANOS-PATRIMNIO;Um terreno situado zona leste bifurcao formada pelo largo do obelisco do Sequicentenrio da Revoluo Farroupilha interseco das Avenidas Tiaraj e Caver no Bairro Projetado e sem denominao rea do antigo aeroporto destinado ao espao pblico.......................................................................... Demais medidas e confrontaes conforme Certido n 25473.
REA DO ANTIGO AEROPORTO;TERRENO MATRCULA 25474;05/01/2007;CADASTRO DE IMVEIS URBANOS-PATRIMNIO;Um terreno situado zona leste no bairro projetado e sem denominao rea do antigo aeroporto destinada ao logradouro pblico designado com a rua SD n 1188 de formato regular com rea de 451200mq. Demais confrontaes conforme Certido 25474
REA DO ANTIGO AEROPORTO;TERRENO MATRCULA 25476;05/01/2007;CADASTRO DE IMVEIS URBANOS-PATRIMNIO;Uma faixa de terreno situado zona leste no bairro projetado e sem denominao rea do antigo aeroporto destinada ao logradouro pblico designado como rua SD n 1190 de formato regularcom rea de 208000 mq ............................................................... Demais confrontaes conforme Certido 25476
REA DO ANTIGO AEROPORTO;TERRENO MATRCULA 25477;05/01/2007;CADASTRO DE IMVEIS URBANOS-PATRIMNIO;Uma faixa de terreno situado zona leste no bairro projetado e sem denominao rea do antigo aeroporto destinada ao logradouro pblico designado como rua SD n 1191 de formato regularcom rea de 289600 mq ............................................................... Demais confrontaes conforme Certido 25477
REA DO ANTIGO AEROPORTO;TERRENO MATRCULA 21.327;25/06/1999;CADASTRO DE IMVEIS URBANOS-PATRIMNIO;
REA DO ANTIGO AEROPORTO;TERRENO MATRCULA 21.328;25/06/1999;CADASTRO DE IMVEIS URBANOS-PATRIMNIO;
REA DO ANTIGO AEROPORTO;TERRENO MATRCULA 21.329;25/06/1999;CADASTRO DE IMVEIS URBANOS-PATRIMNIO;
BAIRRO MEDIANEIRA;TERRENO MATRCULA 21.330;25/06/1999;CADASTRO DE IMVEIS URBANOS-PATRIMNIO;
BAIRRO MEDIANEIRA;TERRENO MATRCULA 21.331;25/06/1999;CADASTRO DE IMVEIS URBANOS-PATRIMNIO;
BAIRRO MEDIANEIRA;TERRENO MATRCULA 23.338;05/09/2001;CADASTRO DE IMVEIS URBANOS-PATRIMNIO;
BAIRRO MEDIANEIRA;TERRENO MATRCULA 23.339;05/06/2001;CADASTRO DE IMVEIS URBANOS-PATRIMNIO;
BAIRRO MEDIANEIRA;TERRENO MATRCULA 23.340;05/09/2001;CADASTRO DE IMVEIS URBANOS-PATRIMNIO;
BAIRRO MEDIANEIRA;TERRENO MATRCULA 23.341;05/09/2001;CADASTRO DE IMVEIS URBANOS-PATRIMNIO;
BAIRRO MEDIANEIRA;TERRENO MATRCULA 24.356;27/02/2004;CADASTRO DE IMVEIS URBANOS-PATRIMNIO;
BAIRRO MEDIANEIRA;TERRENO MATRCULA 24.357;27/02/2004;CADASTRO DE IMVEIS URBANOS-PATRIMNIO;
BAIRRO MEDIANEIRA;TERRENO MATRCULA 24.358;27/02/2004;CADASTRO DE IMVEIS URBANOS-PATRIMNIO;
BAIRRO MEDIANEIRA;TERRENO MATRCULA 24.359;27/02/2004;CADASTRO DE IMVEIS URBANOS-PATRIMNIO;
BAIRRO MEDIANEIRA;TERRENO MATRCULA 24.401;27/02/2004;CADASTRO DE IMVEIS URBANOS-PATRIMNIO;
BAIRRO MEDIANEIRA;TERRENO MATRCULA 24.403;27/02/2004;CADASTRO DE IMVEIS URBANOS-PATRIMNIO;
BAIRRO MEDIANEIRA;BAIRRO RENASCER MATRCULA 8870;11/04/2007;CADASTRO DE IMVEIS URBANOS-PATRIMNIO;uma frao de terras siituada na zona urbana desta cidade na Margem esquerda do Rio Ibirapuitcom rea de 172.10000mq partindo do ponto localizado a 7468 a sudoeste do ponto comum ao cruzamento da linha limite leste das terras dos Armazns Gerais S.A. e do alinhamento norte do prolongamento da Avenida Poo de Bombas conforme Escritura Pblica de Compra e Venda  N 20.760-037.
BAIRRO MEDIANEIRA;TERRENO MATRCULA 25817;16/11/2007;CADASTRO DE IMVEIS URBANOS-PATRIMNIO;Terreno urbano situado na Vila Capo do Angico localizado no quarteiro formado ao norte Av. Timbava ao sul com a Av. Tiaraj ao leste com rea verde da Prefeitura Municipal de Alegrete ao oeste com a rua Aucena situado ao lado par da numerao da Av. Timbava distante 90m00 da esquina com a Rua Aucena de formato irregulardesignado pelo n 11 com a rea superficial de 322.50m matrcula n25.817.
BAIRRO MEDIANEIRA;ESCOLA RURAL ABILIO PRATES(BARRAGEM);11/11/1111;CADASTRO IMVEIS RURAIS;desativada
BAIRRO MEDIANEIRA;ESCOLA RURAL ANTENOR ALMEIDA(CAVER);11/11/1111;CADASTRO IMVEIS RURAIS;desativada
BAIRRO PEDREIRAS;ESCOLA RURAL DELFINO BITENCOURT(CATIMBAU);11/11/1111;CADASTRO IMVEIS RURAIS;desativada
BAIRRO RENASCER;ESCOLA RURAL JOS ALVES FILHO (PASSOS DOS BRITES);11/11/1111;CADASTRO IMVEIS RURAIS;desativada
BAIRROS JOS DE ABREU;ECOLA RURAL JOO DORVAL DE ALMEIDA(DURASNAL PASSO DO FERMINO);11/11/1111;CADASTRO IMVEIS RURAIS;desativada
CAPO DO ANGICO;ESCOLA DELFINO ANTUNES DA SILVA(DURASNAL) LAGEADO GRANDE);11/11/1111;CADASTRO IMVEIS RURAIS;desativada
CATIMBAU-6 SUBDISTRITO;ESCOLA RURAL BRANDINARTE ANTUNES(PAROV);11/11/1111;CADASTRO IMVEIS RURAIS;desativada
CATIMBAU-6 SUBDISTRITO;ESCOLA RURAL DARCIANO MACHADO(CONTRATO DE  COMODATO P/ASSOCIAO DE MORADORES DO DURASNAL);11/11/1111;CADASTRO IMVEIS RURAIS;desativada
CATIMBAU-6 SUBDISTRITO;ESCOLA RURAL DAVID CANABARRO(QUERIMANA);11/11/1111;CADASTRO IMVEIS RURAIS;desativada
CATIMBAU-6 SUBDISTRITO;ESCOLA RURAL ISRAEL PINTO DE ALMEIDA(QUEROMANA);11/11/1111;CADASTRO IMVEIS RURAIS;desativada
DURASNAL-3 SUBDISTRITO;ESCOLA RURAL JACINTO  ANTNIO(PAVOR);11/11/1111;CADASTRO IMVEIS RURAIS;desativada
DURASNAL-3 SUBDISTRITO;ESCOLA RURAL MARCIAL ESTIVALET(LAGEADO GRANDE);11/11/1111;CADASTRO IMVEIS RURAIS;
DURASNAL-3 SUBDISTRITO;ESCOLA RURAL NAPOLEO FERNANDES(DURASNAL);11/11/1111;CADASTRO IMVEIS RURAIS;desativada
DURASNAL-3 SUBDISTRITO;ESCOLA RURAL OLAVO BILAC-VENDIDA AO SR.FRANCISCO CARLOS DORNELES  PEDROSO(ITAPEVI);11/11/1111;CADASTRO IMVEIS RURAIS;desativada
DURASNAL-3 SUBDISTRITO;ESCOLA SEP TIARAJ(ITAPEVI);11/11/1111;CADASTRO IMVEIS RURAIS;desativada
DURASNAL-3 SUBDISTRITO;COLGIO PROFISSIONAL NEYTA RAMOS;11/11/1111;CADASTRO DE IMVEIS URBANOS-PATRIMNIO;c/planta s/certido
DURASNAL-3 SUBDISTRITO;EMEB EUCLIDES LISBOA-TERRENO MATRCULA 1806;05/05/1992;CADASTRO DE IMVEIS URBANOS-PATRIMNIO;UM TERRENO DESIGNADO PELO N 7  DA QUADRA D SITUADO NOS SUBURBIOS DESTA CIDADE NA VILA SO JOAQUIM DE FORMATO IRREGULAR COM AS SEGUINTES MEDIDAS E CONFRONTAES 11M30CM DE FRENTE A AOESTE PARA A RUA "C" 13M5OCM A LESTE CONFRONTANDO COM TERRENOS DA PREFEITURA MUNICIPAL 30M AO NORTE  CONFRONTANDO COM A PROPRIEDADE DE AMNCIO BITENCOURT- VILA ASSUMPO- E 30M AO SUL ONDE CONFRONTA COM O TERRENO SEIS DE PROPRIEDADE DE VITOR MARIO FLORES DA SILVA.
DURASNAL-3 SUBDISTRITO;EMEB EURIPEDES BRASIL MILANO;03/12/1984;CADASTRO DE IMVEIS URBANOS-PATRIMNIO;Certido nr 12046 referente a rea da Escola Certido nr 775 referente a rea destinada  quadra
DURASNAL-3 SUBDISTRITO;ESCOLA HONRIO LEMES;11/11/1111;CADASTRO DE IMVEIS URBANOS-PATRIMNIO;c/planta c/certido n6.252
DURASNAL-3 SUBDISTRITO;ESCOLA MUNICIPAL MARCELO FARACO;11/11/1111;CADASTRO DE IMVEIS URBANOS-PATRIMNIO;c/planta c/certido n16.909
DURASNAL-3 SUBDISTRITO;BARCELOS(GUASSU-BOI);11/11/1111;CADASTRO IMVEIS RURAIS;desativada
ESCOLAS URBANAS;ESCOLA RURAL BOAVENTURA GOMES(SILVESTRE);11/11/1111;CADASTRO IMVEIS RURAIS;desativada
ESCOLAS URBANAS;ESCOLA RURAL COMENDADOR CHAVES;11/11/1111;CADASTRO IMVEIS RURAIS;desativada
ESCOLAS URBANAS;ESCOLA RURAL EXPEDICIONRIO CANNES(SILVESTRE);11/11/1111;CADASTRO IMVEIS RURAIS;desativada
ESCOLAS URBANAS;ESCOLA RURAL GETLIO VARGAS(3 CAPOES);11/11/1111;CADASTRO IMVEIS RURAIS;desativada
ESCOLAS URBANAS;ESCOLA RURAL JOANA NORONHA(GUASSU-BOI);11/11/1111;CADASTRO IMVEIS RURAIS;desativada
ESCOLAS URBANAS;ESCOLA RURAL JOS ANTNIO SILVA(ITAPORIR);11/11/1111;CADASTRO IMVEIS RURAIS;desativada
ESCOLAS URBANAS;ESCOLA SANTA VIRGEM(GUASSU-BOI);11/11/1111;CADASTRO IMVEIS RURAIS;desativada
ESCOLAS URBANAS;ESCOLA RURAL LAURINDO RAMOS;11/11/1111;CADASTRO IMVEIS RURAIS;desativada
ESCOLAS URBANAS;ESCOLA RURAL LUIZ GONZAGA PINTO(INHANDU);11/11/1111;CADASTRO IMVEIS RURAIS;desativada
ESCOLAS URBANAS;ESCOLA RURAL NOSSA SRA.DA CONCEIO (CAPIVARI);11/11/1111;CADASTRO IMVEIS RURAIS;destivada
ESCOLAS URBANAS;ESCOLA RURAL TCITO DE S E SILVA(JARA);11/11/1111;CADASTRO IMVEIS RURAIS;desativada
ESCOLAS URBANAS;ESCOLA RURAL ANA CLARA DORNELES(MARIANO PINTO);11/11/1111;CADASTRO IMVEIS RURAIS;desativada
ESCOLAS URBANAS;ESCOLA RURAL EUCLIDES BORGES(RINCO DA CHCARA);11/11/1111;CADASTRO IMVEIS RURAIS;desativada
ESCOLAS URBANAS;ESCOLA RURAL MARIA IDELCNEA ZACARIAS(MARIANO PINTO);11/11/1111;CADASTRO IMVEIS RURAIS;desativada
ESCOLAS URBANAS;ESCOLA RURL FARROUPILHA(RINCO DA CHCARA));11/11/1111;CADASTRO IMVEIS RURAIS;desativada
GUASSU-BOI-7 SUBDISTRITO;ESCOLA  ATOS MARAL(ITAPEVI);11/11/1111;CADASTRO IMVEIS RURAIS;desativada
GUASSU-BOI-7 SUBDISTRITO;ESCOLA LVARO KRUEL(TRANF.P/MANOEL VIANA);11/11/1111;CADASTRO IMVEIS RURAIS;desativada
GUASSU-BOI-7 SUBDISTRITO;ESCOLA MACHADO DE ASSIS(PASSO NOVO);11/11/1111;CADASTRO IMVEIS RURAIS;desativada
GUASSU-BOI-7 SUBDISTRITO;ESCOLA RURAL TEODELFINO BORGES(RINCO ALEGRE);11/11/1111;CADASTRO IMVEIS RURAIS;desativada
GUASSU-BOI-7 SUBDISTRITO;ESCOLA SALVADOR PINHEIRO MACHADO;11/11/1111;CADASTRO IMVEIS RURAIS;desativada
GUASSU-BOI-7 SUBDISTRITO;ESCOLA ABELARDO CARS(RINCO DE SO MIGUEL);11/11/1111;CADASTRO IMVEIS RURAIS;desativada
GUASSU-BOI-7 SUBDISTRITO;ESCOLA RURAL INCIO LECUANA(RINCO DE SO MIGUEL);11/11/1111;CADASTRO IMVEIS RURAIS;desativada
GUASSU-BOI-7 SUBDISTRITO;ESCOLA RURAL SALUSTIANO FERREIRA DA COSTA(RINCO DE SO MIGUEL);11/11/1111;CADASTRO IMVEIS RURAIS;desativada
INHANDU-5 SUBDISTRITO;LOTEAMENTO SEP TIARAJ;11/11/1111;CADASTRO DE IMVEIS URBANOS-PATRIMNIO;s/planta c/certido n 7.399
INHANDU-5 SUBDISTRITO;PRAA MONTEIRO LOBATO VILA GRANDE E PRO INFANCIA REA VERDE MATRCULA N 12612;01/01/2015;CADASTRO DE IMVEIS URBANOS-PATRIMNIO;local na Vila Grande destinado a Praa Monteiro Lobatto e ao Pr Infncia matrcula n 12612 do RI NO TEMOS CPIA DA CERTIDO NO PATRIMNIO
INHANDU-5 SUBDISTRITO;TERRENOS VILA GRANDE QUADRA 42 LOTES 01 E 02;11/11/1111;CADASTRO DE IMVEIS URBANOS-PATRIMNIO;Com certido nmeros 12927 com rea de 97544 m e Certido n 12927 com rea de 94256m lei n1604/85  que autorizou Dao em Pagamento.
INHANDU-5 SUBDISTRITO;ESCOLA MUNICIPAL LIONS CLUB;11/11/1111;CADASTRO DE IMVEIS URBANOS-PATRIMNIO;c/planta c/certido n 5.217
ITAPOROR-2SUBDISTRITO;PARTE DO TERRENO SANA;11/11/1111;CADASTRO DE IMVEIS URBANOS-PATRIMNIO;c/planta c/certido n 10.991
ITAPOROR-2SUBDISTRITO;TERRENO NA RUA ALEGRIA;11/11/1111;CADASTRO DE IMVEIS URBANOS-PATRIMNIO;s/planta c/certido s/n
ITAPOROR-2SUBDISTRITO;TERRENO NA RUA CARO FERREIRA DA COSTA- HOJE PRAA;11/11/1111;CADASTRO DE IMVEIS URBANOS-PATRIMNIO;(sem documento)
ITAPOROR-2SUBDISTRITO;TERRENO NA RUA NILO MILANO;11/11/1111;CADASTRO DE IMVEIS URBANOS-PATRIMNIO;s/planta c/certido n 327
PASSO NOVO-2 DISTRITO;TERRENO NO CEMITRIO MUNICIPAL;11/11/1111;CADASTRO DE IMVEIS URBANOS-PATRIMNIO;s/planta c/certido n 5.948
PASSO NOVO-2 DISTRITO;TERRENO NO CEMITRIO MUNICIPAL;11/11/1111;CADASTRO DE IMVEIS URBANOS-PATRIMNIO;s/planta c/certido n 36.7095.7134.623
PASSO NOVO-2 DISTRITO;TERRENO NO CEMITRIO MUNICIPAL;11/11/1111;CADASTRO DE IMVEIS URBANOS-PATRIMNIO;s/planta c/certido n 4.116
PASSO NOVO-2 DISTRITO;1.1 PALACIO RUI RAMOS - SEDE PREFEITURA;11/11/1111;CADASTRO DE IMVEIS URBANOS-PATRIMNIO;c/planta \nc/ certido n 33.407
PASSO NOVO-2 DISTRITO;1.10 LEI 1379/80 TERRENO NA  AV.EURIPEDES BRASIL MILANO;11/11/1111;CADASTRO DE IMVEIS URBANOS-PATRIMNIO;sem documentao
RINC DE SO MIGUEL-8 SUBDISTRITO;1.11 CAMARA DE VEREADORES CERTIDO N 8514-RI;11/11/1111;CADASTRO DE IMVEIS URBANOS-PATRIMNIO;sem documentao
RINC DE SO MIGUEL-8 SUBDISTRITO;1.14 TERRENO NA AV. ALEXANDRE LISBOA C/JOAQUIM ANTNIO;11/11/1111;CADASTRO DE IMVEIS URBANOS-PATRIMNIO;c/planta c/certido n3.664
RINC DE SO MIGUEL-8 SUBDISTRITO;1.19 PRAA GETULIO VARGAS;11/11/1111;CADASTRO DE IMVEIS URBANOS-PATRIMNIO;(sem documentao)
SETOR N 16;1.2 PRDIO DO ANTIGO FORO CERTIDO NR 24445-;11/11/1111;CADASTRO DE IMVEIS URBANOS-PATRIMNIO;prdio do antigo foro na praa getlio vargas propriedade do governo do estado
SETOR N 16;1.20 QUIOSQUE ( CONCESSO);11/11/1111;CADASTRO DE IMVEIS URBANOS-PATRIMNIO;contrato de concesso
SETOR N 16;1.21 ESTDIO FARROUPILHA /SEM DOCUMENTOS;11/11/1111;CADASTRO DE IMVEIS URBANOS-PATRIMNIO;(sem documentao)
SETOR N  10;1.22-PARQUE NEHYTA RAMOS-CERTIDO NR 30358;11/11/1111;CADASTRO DE IMVEIS URBANOS-PATRIMNIO;certido nr 30358
SETOR N  10;1.23  PARQUE RUI RAMOS-PARQUE DOS PATOS;11/11/1111;CADASTRO DE IMVEIS URBANOS-PATRIMNIO;(sem documentao)
SETOR N  10;1.3 BANHEIROS PBLICOS ANTIGA FEIRA LIVRE;11/11/1111;CADASTRO DE IMVEIS URBANOS-PATRIMNIO;certido NR 36373---banheiros pblicos antigas feiras livres-
SETOR N  10;1.4 FAIXA DE TERRENO NA RUA TAMANDAR;11/11/1111;CADASTRO DE IMVEIS URBANOS-PATRIMNIO;certido nr 12305 faixa de terreno
SETOR N  10;1.8 CERTIDO N 12305 FAIXA DE TERRENO NA RUA TAMANDAR;11/11/1111;CADASTRO DE IMVEIS URBANOS-PATRIMNIO;c/certido 12.305
SETOR N  10;MUSEU HISTORICO OSWALDO ARANHA;11/11/1111;CADASTRO DE IMVEIS URBANOS-PATRIMNIO;(sem documentao)no  do municpio  o prdio
SETOR N  10;TERRENO NA RUA MARQUS DE ALEGRETE;11/11/1111;CADASTRO DE IMVEIS URBANOS-PATRIMNIO;s/planta c/certido n13.279 confrontando com o prdio da Prefeitura Municipal
SETOR N  10;REA DE TERRA COM 108.402 M2-FRONTEIRA AO TREVO DE ACESSO  A BR-290 (VILA GMINO0;11/11/1111;CADASTRO DE IMVEIS URBANOS-PATRIMNIO;c/planta s/certido
SETOR N 1;REA DE TERRAS DESTINADAS P/LIGAO NO SENTIDO LESTE  ENTRE A AV.LIBERDADE E MAXIMILIANO MARINO;11/11/1111;CADASTRO DE IMVEIS URBANOS-PATRIMNIO;s/planta c/certido n 18.138
SETOR N 1;REA DE TERRAS DESTINADAS P/LIGAO NO SENTIDO LESTE OESTE AS AV.LIBERDADE E MAXIMILIANO MARINO;11/11/1111;CADASTRO DE IMVEIS URBANOS-PATRIMNIO;s/planta c/certido n 18.139
SETOR N 1;REA INSTITUCIONAL NO BAIRRO MEDIANEIRA;11/11/1111;CADASTRO DE IMVEIS URBANOS-PATRIMNIO;c/planta c/certido n 21.326 at 21.331
SETOR N 1;RES DE TERRAS DESTINADAS P/PROLONGAMENTOS SUL DA RUA PROFESSORA ZULMIRA B.COUTINHO(COHAB VERA CRUZ);11/11/1111;CADASTRO DE IMVEIS URBANOS-PATRIMNIO;s/planta c/certido n18.140
SETOR N 1;ARROIO REGALADO REA ATRS DA COHAB RESTINGA MATRCULA 135;09/12/1976;CADASTRO DE IMVEIS URBANOS-PATRIMNIO;MATRCULA 135- REA ATRS DA COHAB RESTINGA
SETOR N 1;CTG LANCEIROS DE CANABARRO COMODATO LEI 1638/85;31/12/1985;CADASTRO DE IMVEIS URBANOS-PATRIMNIO;SOMENTE CPIA DA Lei 1638/85 QUE AUTORIZOU O COMODATO
SETOR N 1;DESAPROPRIAES DE REAS NO REGALADO;21/05/2013;CADASTRO DE IMVEIS URBANOS-PATRIMNIO;DECRETOS DE N 255  285 DE 21 DE MAIO DE 2013- DECLAROU REA DE UTILIDADE PBLICA
SETOR N 1;LOTEAMENTO VILA KENNEDY;11/11/1111;CADASTRO DE IMVEIS URBANOS-PATRIMNIO;s/planta c/certido n 5.217
SETOR N 1;PRAA  PERTO DO RESTAURANTE DO SALSO;11/11/1111;CADASTRO DE IMVEIS URBANOS-PATRIMNIO;s/planta c/certido n 327
SETOR N 1;PRAA BEBEDOURO;11/11/1111;CADASTRO DE IMVEIS URBANOS-PATRIMNIO;s/planta c/certido n 21.87521.876
SETOR N 1;PRAA MASCARENHAS DA MORAIS;11/11/1111;CADASTRO DE IMVEIS URBANOS-PATRIMNIO;s/planta c/certido n 14.210
SETOR N 1;TERRENO NA RUA MAJOR JOO CEZIMBRA;11/11/1111;CADASTRO DE IMVEIS URBANOS-PATRIMNIO;s/planta c/certido n 14.210
SETOR N 1;TERRENO NA VILA VERA CRUZ;11/11/1111;CADASTRO DE IMVEIS URBANOS-PATRIMNIO;(sem documentao)
SETOR N 1;TERRENO NA VILA VERA CRUZ(ESCOLA FARROUPILHA);11/11/1111;CADASTRO DE IMVEIS URBANOS-PATRIMNIO;s/planta c/certido n3.503
SETOR N 1;TERRENO NA WALT DISNEY;11/11/1111;CADASTRO DE IMVEIS URBANOS-PATRIMNIO;c/planta c/certido n 7.935
SETOR N 11;VILA EMLIO ZUNEDA;11/11/1111;CADASTRO DE IMVEIS URBANOS-PATRIMNIO;s/planta c/certido n8.4508.4478.4438.4378.4108.403
SETOR N 11;CEBEM VILA PIOLA EMEI MENINO DEUS;11/11/1111;CADASTRO DE IMVEIS URBANOS-PATRIMNIO;(sem documentao)
SETOR N 11;MITRA DIOCESANA- PARQUI NOSSA SRA.IMACULADA CONCEIO APARECIDA;11/11/1111;CADASTRO DE IMVEIS URBANOS-PATRIMNIO;matr.n16.997
SETOR N 11;POSTO MDICO DA VILA PIOLA;11/11/1111;CADASTRO DE IMVEIS URBANOS-PATRIMNIO;s/planta c/certido n 17.002
SETOR N 11;TERRENO NA RUA PEDRO CARNEIRO DOADO P/QUADRA DE ESPORES DA ESCOLA JOS  NTONIO VILA VERDE;11/11/1111;CADASTRO DE IMVEIS URBANOS-PATRIMNIO;c/planta c/certido n 14.612
SETOR N 11;LOTEAMENTO REIDENCIAL VILA PIOLA;11/11/1111;CADASTRO DE IMVEIS URBANOS-PATRIMNIO;s/planta c/certido n16.790
SETOR N 11;TERRENO NOBALNERIO CAVER(DOADOS EM CAUO AO MUNICIPIO);11/11/1111;CADASTRO DE IMVEIS URBANOS-PATRIMNIO;s/planta c/certido n 7.119 at 7.134 e 8.712 at 8.713
SETOR N 11;REA DA BRITADEIRA DO CAVER MAT 25860;11/11/1111;CADASTRO DE IMVEIS URBANOS-PATRIMNIO;c/planta matr.25860
SETOR N 11;ARQUIVO HISTRICO MUNICIPAL;11/11/1111;CADASTRO DE IMVEIS URBANOS-PATRIMNIO;(sem documentao)
SETOR N 11;PARQUE DE MQUINAS;11/11/1111;CADASTRO DE IMVEIS URBANOS-PATRIMNIO;s/planta c/certido n 5.289
SETOR N 11;POSTO MDICO DA NOVA BRASLIA MATRCULA 26723 DENTRO DA REA MAIOR;11/11/1111;CADASTRO DE IMVEIS URBANOS-PATRIMNIO;c/planta c/certido dentro da rea maior do aeroporto velho
SETOR N 11;POSTO MDICO VILA PROMORAR;11/11/1111;CADASTRO DE IMVEIS URBANOS-PATRIMNIO;c/planta s/certido
SETOR N 11;PRAA DA VILA PRMORAR;11/11/1111;CADASTRO DE IMVEIS URBANOS-PATRIMNIO;(sem documentao)
SETOR N 11;PRDIO CENTRO COMUNITRIO;11/11/1111;CADASTRO DE IMVEIS URBANOS-PATRIMNIO;(sem documentao)
SETOR N 11;SECRETARIA DE AGRICULTURA(CEDIDO PELA ASSOCIAO RURAL);11/11/1111;CADASTRO DE IMVEIS URBANOS-PATRIMNIO;c/planta
SETOR N 11;TERRENO  DA U.S.M.A;11/11/1111;CADASTRO DE IMVEIS URBANOS-PATRIMNIO;S/PLANTA C/CERTIDO N 1.515 12.293
SETOR N 11;TERRENO NA ESTRADA PASSO NOVO IBIRAPUIT;11/11/1111;CADASTRO DE IMVEIS URBANOS-PATRIMNIO;s/planta c/certido n 17.650
SETOR N 12;TERRENO NA VILA CENTENRIO;11/11/1111;CADASTRO DE IMVEIS URBANOS-PATRIMNIO;c/planta s/certido
SETOR N 12;ESCOLA RURAL ACELINO BORGES(RINCO DA CHCARA);11/11/1111;CADASTRO IMVEIS RURAIS;c/planta s/certido
SETOR N 12;PLO EDUCACIONAL HOMERO ALVES PEREIRA(MARIANO PINTO);11/11/1111;CADASTRO IMVEIS RURAIS;c/planta c/certido n 13.922
SETOR N 12;PLO EDUCACIONAL JOO CADORE(ANGICO);11/11/1111;CADASTRO IMVEIS RURAIS;c/planta c/certido n 14.628
SETOR N 13;PLO EDUCACIONAL JOO ANDR FIGUEIRA(DURASNAL);11/11/1111;CADASTRO IMVEIS RURAIS;c/planta c/certido n10.705
SETOR N 13;PLO EDUCACIONAL SILVESTRE GONALVES(RINCO DO 28);11/11/1111;CADASTRO IMVEIS RURAIS;s/planta s/certido
SETOR N 14;2.2 CENTRO CULTURAL LEI N911/69;11/11/1111;CADASTRO DE IMVEIS URBANOS-PATRIMNIO;c/planta s/certido lei n911/69
SETOR N 14;2.2 JARDIM DE INFANCIA MUNICIPAL;11/11/1111;CADASTRO DE IMVEIS URBANOS-PATRIMNIO;c/planta s/certido
SETOR N 14;2.3 RODOVIRIA MUNICIPAL;11/11/1111;CADASTRO DE IMVEIS URBANOS-PATRIMNIO;s/planta s/certido lei n911/69
SETOR N 14;2.4 PRAA OSWALDO ARANHA;11/11/1111;CADASTRO DE IMVEIS URBANOS-PATRIMNIO;(sem documentao)
SETOR N 14;AEROPORTO NOVOMATRICULA 19890;11/11/1111;CADASTRO IMVEIS RURAIS;s/planta c/certido  n19.8903.151
SETOR N 14;PLO EDUCACIONAL CONSTNTINO DE SOUZA NUNES(JACARA);11/11/1111;CADASTRO IMVEIS RURAIS;c/planta c/certido n 13.780
SETOR N 14;FRAO DE CAMPO COM 13 HECTARES(CAVER);11/11/1111;CADASTRO IMVEIS RURAIS;matr.5.297
SETOR N 14;PLO EDUCACIONAL FRANCISCO MAFALDO(CAVER);11/11/1111;CADASTRO IMVEIS RURAIS;c/planta c/certido n 13.119
SETOR N 14;PLO EDUCACIONAL MURILO NUNES OLIVEIRA(CONCEIO);11/11/1111;CADASTRO IMVEIS RURAIS;(sem documentao)
SETOR N 14;ANTIGO DEPSITO DE LIXO(ESTRADA DA ENCRUZILHADA);11/11/1111;CADASTRO IMVEIS RURAIS;s/palnta c/certido n 9.848
SETOR N 14;ESCOLA RURAL JOO OVIDIO ACOSTA(ESTRADA DA ENCRUZILHADA);11/11/1111;CADASTRO IMVEIS RURAIS;c/planta s/cetido
SETOR N 14;PLO EDUCACIONAL ALFREDO SOARES LEES(RINCO DE SO MIGUEL);11/11/1111;CADASTRO IMVEIS RURAIS;c/planta s/certido
SETOR N 17-2 SUBDISTRITO;REA DO SALZANO VEIRA(O PRDIO PERTENCE C/PLANTA PERTENCE AO ESTADO (PASSO NOVO);11/11/1111;CADASTRO IMVEIS RURAIS;c/planta c/certido n 10.706\nEscola desativada do Estado em Terras de propriedade do Municpio de Alegrete com termo de comodato para o Sr. Osrio Dias Roos.\nPERTENCE A MANOEL VIANA
SETOR N 17-2 SUBDISTRITO;ESCOLA RURAL EURICO JAQUES DORNELLES(PASSO NOVO);11/11/1111;CADASTRO IMVEIS RURAIS;c/planta s/certido
SETOR N 17-2 SUBDISTRITO;JARDI DE INFNCIA ALDA CRESPO(PASSSO NOVO);11/11/1111;CADASTRO IMVEIS RURAIS;s/planta c/certido n 20.883
SETOR N 18-3SUBDISTRITO;PLO EDUCACIONAL COSTA LEITE(JACAQU);11/11/1111;CADASTRO IMVEIS RURAIS;c/planta c/certido n 12.113
SETOR N 19- 4SUBDISTRITO;PRAA DA VILA DE PASSO NOVO;11/11/1111;CADASTRO IMVEIS RURAIS;s/planta c/certido n 3.825
SETOR N 2;Posto Mdico do Bairro Macedo;11/11/1111;CADASTRO DE IMVEIS URBANOS-PATRIMNIO;c/planta  c/certido s/n
SETOR N 2;PRAA DA COHAB RESTINGA;11/11/1111;CADASTRO DE IMVEIS URBANOS-PATRIMNIO;(sem documentao)
SETOR N 2;TERRENO NA RUA LANDEL  DE MOURA;11/11/1111;CADASTRO DE IMVEIS URBANOS-PATRIMNIO;s/planta c/certido n12.047
SETOR N 2;POSTO MDICO DA VILA BOA VISTA;11/11/1111;CADASTRO DE IMVEIS URBANOS-PATRIMNIO;c/planta s/certido
SETOR N 20- 5SUBDISTRITO;PRAA DA VILA BOA VISTA;11/11/1111;CADASTRO DE IMVEIS URBANOS-PATRIMNIO;c/planta s/certido
SETOR N 20- 5SUBDISTRITO;ASSENTAMENTO  VILA MARIA DO CARMO E DISTRITO INDUSTRIAL;29/07/1985;CADASTRO DE IMVEIS URBANOS-PATRIMNIO;REA DO ASSENTAMENTO MORADORES DO REGALADO E DISTRITO INDUSTRIAL
SETOR N 21- 6SUBDISTRITO;BALNERIO CAVERA REMANESCENTE MAT 28817;08/09/2011;CADASTRO DE IMVEIS URBANOS-PATRIMNIO;MATRCULA 28817 AUTORIZADO VENDER POR LEI N 5257 DE 23 DE DEZEMBRO DE 2013
SETOR N 21- 6SUBDISTRITO;MATRCULA  CORREDOR DOS PAPAGAIOS COXILHA VERMELHA PRESIDIO E CANIL;01/01/2009;CADASTRO DE IMVEIS URBANOS-PATRIMNIO;rea desta matrcula foi dividida em trs partes doada a parte do meio para a construo do Presdio Estadual( matrcula n 30519) ficando duas reas remanescentes uma para a BR 290 (matrcula 30 521) e outra aps a rea do presidio em construo que parte  foi destinada a construo do Canil Municipal(matrcula 30520).
SETOR N 22- 7SUBDISTRITO;MEMORIAL OSVALDO ARANHA  MAT 28816;08/09/2011;CADASTRO DE IMVEIS URBANOS-PATRIMNIO;LEI N 4897/2011  AUTORIZOU DOAO\nLEI N 5235/2013 PRORROGOU O PRAZO DE REVERSO AO MUNICPIO PARA AT 04 ANOS
SETOR N 23- 8SUBDISTRITO;REA P/LOTEAMENTO VILA JOS DE ABREU-PEDREIRAS;11/11/1111;CADASTRO DE IMVEIS URBANOS-PATRIMNIO;s/planta  c/certido n 3.614
SETOR N 23- 8SUBDISTRITO;BAIRRO JOS DE ABREU;11/11/1111;CADASTRO DE IMVEIS URBANOS-PATRIMNIO;s/planta c/certido n 3.614
SETOR N 23- 8SUBDISTRITO;POSTO MDICO DA VILA PRADO;11/11/1111;CADASTRO DE IMVEIS URBANOS-PATRIMNIO;c/planta  c/certido n 2.5441.302
SETOR N 24-  2DISTRITO-PASSO NOVO;POSTO MDICO DA VILA PRADO;11/11/1111;CADASTRO DE IMVEIS URBANOS-PATRIMNIO;c/planta  c/certido n2.5441.302
SETOR N 24-  2DISTRITO-PASSO NOVO;PRAA DA VILA PRADO;11/11/1111;CADASTRO DE IMVEIS URBANOS-PATRIMNIO;s/planta c/certido n 10.064
SETOR N 24-  2DISTRITO-PASSO NOVO;TERRENO DESTINADO P/ABERTURA DA RUA CARABE VILA PRADO;11/11/1111;CADASTRO DE IMVEIS URBANOS-PATRIMNIO;s/planta c/certido n 10.705
SETOR N 24-  2DISTRITO-PASSO NOVO;TERRENO MATRCULA 12588 E 17296 MATADOURO VELHO;23/11/2006;CADASTRO DE IMVEIS URBANOS-PATRIMNIO;Uma frao de terras siituada no suburbio desta cidade na Avenida Pedreiras antigo lugar  conhecido como Matadouro Velho de formato irregular com rea de trinta e oito mil oitocentos e vinte e cinco metros quadrados e vinte e cinco decmetros quadrados (38.82525 mq) constante na Matrcula do Registro de Imveis desta cidade sob o N 12588 Registro 01 no valor R$ 82.50125 e uma frao de terras  com reas de 3.05093 mq situada na zona urbana desta cidade constante na Matrcula do Registro de Imveis desta cidade sob N 17296 Registro 2 e 3  no valor de  R$ 6.48325 que contrataram vender como efetivamente vendido tem  outorgada compradora pelo preo certo e ajustado de R$ 88.98450 conforme Escritura Pblica de Compra e Venda N 20.656-117.
SETOR N 24-  2DISTRITO-PASSO NOVO;TERRENO MED. 10.00 X 25.00M  MATADOURO VELHO;12/09/2007;CADASTRO DE IMVEIS URBANOS-PATRIMNIO;Terreno designado pelo n 1(um) da quadra B do loteamento Jardim Santa Terezinha situado nos subrbios desta cidade lugar denominado Matadouro Velho nas Pedreiras medindo dez metros quadrados (10.00m) X vinte e cinco metros quadarados (25.00m) de frente a fundos confrontando ao norte com a rua A ao sul c/ terreno de Luiz Bolson  ao oeste c/ uma prevista rua e a o sul c/ o terreno n 2 tambm de propriedade do ora adquirente conforme consta na matrcula n 5.125 do Registro de Imveis desta cidade adquirido conforme R.2.
SETOR N 6;TERRENO NA AV. PEDREIRAS (DESTINADO A UMA VIA DE ACESSO);11/11/1111;CADASTRO DE IMVEIS URBANOS-PATRIMNIO;s/planta c/certido n 15.416
SETOR N 6;TERRENO NA VILA PRADO;11/11/1111;CADASTRO DE IMVEIS URBANOS-PATRIMNIO;s/planta  c/certido n14.386
SETOR N 6;TERRENO P/CONSTRUO DE ESCOLA- BAIRRO JOS DE ABREU;11/11/1111;CADASTRO DE IMVEIS URBANOS-PATRIMNIO;c/planta c/certido n 24.08624.085
SETOR N 7;TERRENO VILA PRADO;11/11/1111;CADASTRO DE IMVEIS URBANOS-PATRIMNIO;s/planta  c/certido nr.5.722
SETOR N 7;REA DE TERRAS DESTINADAS AO NOVO DEPSITO DE LIXO;11/11/1111;CADASTRO DE IMVEIS URBANOS-PATRIMNIO;s/planta c/certido n20.521
SETOR N 8;REA INSTUTICIONAL NO PARQUE RESID SANT PASTEUS;11/11/1111;CADASTRO DE IMVEIS URBANOS-PATRIMNIO;c/planta s/certido
SETOR N 8;BAIRRO DR.ROMARIO DE ARAJO DE OLIVEIRA;11/11/1111;CADASTRO DE IMVEIS URBANOS-PATRIMNIO;
SETOR N 8;BAIRRO NOSSA SRA.APARECIDA;11/11/1111;CADASTRO DE IMVEIS URBANOS-PATRIMNIO;c/planta c/certido n 8.940
SETOR N 8;ESCOLA DR.ROMARIO;11/11/1111;CADASTRO DE IMVEIS URBANOS-PATRIMNIO;s/planta c/certido n 5.521 at 5.524 e 5.5275.535
SETOR N 9;FUTURA ''CASA DO MEL'';11/11/1111;CADASTRO DE IMVEIS URBANOS-PATRIMNIO;s/planta c/certido n23.446
SETOR N 9;LEITO DA  AV.REPBLICA RIO GRANDE;11/11/1111;CADASTRO DE IMVEIS URBANOS-PATRIMNIO;c/planta c/certido n 12.258
SETOR N 9;NCLEO HABITUCIONAL DEPUTADO ULISE GUIMARES;11/11/1111;CADASTRO DE IMVEIS URBANOS-PATRIMNIO;c/planta c/certido n4.728
SETOR N 9;POSTO MDICO DO CAPO DO ANGICO;11/11/1111;CADASTRO DE IMVEIS URBANOS-PATRIMNIO;c/planta c/certido n37.409
SETOR N 9;PRAA DA VILA CAPO DO ANGICO;11/11/1111;CADASTRO DE IMVEIS URBANOS-PATRIMNIO;(sem documentao)
SETOR N 9;PRAA DA VILA SANTOS DUMONT;11/11/1111;CADASTRO DE IMVEIS URBANOS-PATRIMNIO;(sem documentao)
SETOR N 9;TERRENO NA RUA CARVALHO CAPO DO ANGICO);11/11/1111;CADASTRO DE IMVEIS URBANOS-PATRIMNIO;c/planta c/certido n 19.751
SETOR N 9;TERRENO NA RUA TIMBAVA(CAPO DO ANGICO);11/11/1111;CADASTRO DE IMVEIS URBANOS-PATRIMNIO;s/planta c/certido n  20.266
SETOR N 9;TERRENO NA VILA CAPO DO ANGICO;11/11/1111;CADASTRO DE IMVEIS URBANOS-PATRIMNIO;(sem documentao)
SETOR N 9;TERRENO NA VILA SANTOS DUMONT;11/11/1111;CADASTRO DE IMVEIS URBANOS-PATRIMNIO;c/planta c/certido n 12.250
SETOR N 9;TERRENO N01 DA QRADRA 28-SANTOS DUMONT;11/11/1111;CADASTRO DE IMVEIS URBANOS-PATRIMNIO;s/planta c/certido n15.014
SETOR N 9;TERRENO N16 DA QUADRA 28-VILA SANTOS DUMONT;11/11/1111;CADASTRO DE IMVEIS URBANOS-PATRIMNIO;s/planta c/certido 15.014
SETOR N15;TERRENO N17 QUDRA 28- SANTOS DUMONT;11/11/1111;CADASTRO DE IMVEIS URBANOS-PATRIMNIO;s/planta c/certido n15.017
SETOR N15;3.1 TERRENO PARQUE DOS AGUATEIROS;11/11/1111;CADASTRO DE IMVEIS URBANOS-PATRIMNIO;c/planta c/certido n 9.9619.9625.2199.958
SETOR N15;3.10-TERRENO PROLONGAMENTO SUL RUA EMILIO ZUNEDA;11/11/1111;CADASTRO DE IMVEIS URBANOS-PATRIMNIO;c/certido nr 23992 e certido nr 23993
SETOR N15;3.11 TERRENO RUA EMILIO ZUNEDA ARREBALDE COXILHA SECA;05/04/1988;CADASTRO DE IMVEIS URBANOS-PATRIMNIO;matrcula nr 3713
SETOR N15;3.12PRAA GENERAL OSRIO;11/11/1111;CADASTRO DE IMVEIS URBANOS-PATRIMNIO;(sem documentao)
SETOR N15;3.14 TERRENO DESAPROPRIADO PARA CONSTRUO AV EBM;11/11/1111;CADASTRO DE IMVEIS URBANOS-PATRIMNIO;terreno desapropriado para construo da Av. Euripedes. Certido 15655 proprietrio anterior Nercy Debogurski
SETOR N15;3.2 TERRENO PARQUE DOS AGUATEIROS;11/11/1111;CADASTRO DE IMVEIS URBANOS-PATRIMNIO;c/planta c/certido n 9.956 e nr 12281
SETOR N15;3.3 TERRENO PARQUE DOS AGUATEIROS;11/11/1111;CADASTRO DE IMVEIS URBANOS-PATRIMNIO;c/planta c/certido n12.281
SETOR N15;3.4 TERRENO PARQUE PORTO DOS AGUATEIROS;11/11/1111;CADASTRO DE IMVEIS URBANOS-PATRIMNIO;s/planta c/certido n9.958 encaminhada propositura de lei em fev 2012 para doao da rea ao 12 grupo de Escoteiros Honrio Lemes
SETOR N15;3.5 TERRENO NA RUA VINTE DE SETEMBRO C/TRILHOS-HOJE RUA;11/11/1111;CADASTRO DE IMVEIS URBANOS-PATRIMNIO;s/planta c/certido n30.143
SETOR N15;3.6 TERRENO P/PROLONGAMENTO DA AV. EURIPEDES BRASIL MILANO;11/11/1111;CADASTRO DE IMVEIS URBANOS-PATRIMNIO;s/planta c/certido n17.650
SETOR N15;MORADIA TRANSITRIA- MATRCULA N 18783;15/05/2007;CADASTRO DE IMVEIS URBANOS-PATRIMNIO;Matrcula no RI n 18783
SETOR N15;4.6 TERRENO PROLONGAMENTO OESTE RUA SEVERINO RIBEIRO;11/11/1111;CADASTRO DE IMVEIS URBANOS-PATRIMNIO;Terreno prolongamento Oeste da rua Severino Ribeiro        c/planta c/certido n 14.267
SETOR N15;TERRENO NA RU JOS DE ABREU;11/11/1111;CADASTRO DE IMVEIS URBANOS-PATRIMNIO;s/planta c/certido n8.808
SETOR N15;TERRENO NA RUA ALAN KARDEC VILA ASSUNO;11/11/1111;CADASTRO DE IMVEIS URBANOS-PATRIMNIO;s/planta c/certido n4.886
SETOR N15;TERRENO NA RUA BARROS CASSAL;11/11/1111;CADASTRO DE IMVEIS URBANOS-PATRIMNIO;s/planta c/certido n15.108
SETOR N15;TERRENO NA RUA BENTO MANOEL ESQUINA COM BARROS CASSAL(CEBEM-SEDE);11/11/1111;CADASTRO DE IMVEIS URBANOS-PATRIMNIO;s/planta c/certido n10.411
SETOR N15;TERRENO NA RUA PLNIO MACEDO PROLONGAMENTO DE RUA;11/11/1111;CADASTRO DE IMVEIS URBANOS-PATRIMNIO;s/planta c/certido n10.195
SETOR N15;TERRENO NA VILA SO JOAO JOAQUIM (JUNTAMENTE C/ESCOLA EUCLIDES LISBOA);11/11/1111;CADASTRO DE IMVEIS URBANOS-PATRIMNIO;s/planta c/certido n1.806
SETOR N3;TERRENO NO FIM DA RUA SEVERINO RIBEIRO;11/11/1111;CADASTRO DE IMVEIS URBANOS-PATRIMNIO;c/planta c/certido n10.19410.195
SETOR N3;TERRENO PROLONGAMENTO DA RUA BARO DO RIO BRANCO COM A RUA EMLIO ZUNEDA;11/11/1111;CADASTRO DE IMVEIS URBANOS-PATRIMNIO;s/planta c/certido n3713
SETOR N3;TERRENO SITUADO NA ANTIGA CHCARA DA OLARIA HOJE C.T.G LANCEIROS DE  CANABARRO;11/11/1111;CADASTRO DE IMVEIS URBANOS-PATRIMNIO;s/placa c/certido n13.4329.470
SETOR N3;UMA FAIXA DE TERRENO NA RUA RIO BRANCO;11/11/1111;CADASTRO DE IMVEIS URBANOS-PATRIMNIO;c/certido n20.164
SETOR N3;UMA FAIXA DE TERRENO NA RUA SENADOR MACHADO;11/11/1111;CADASTRO DE IMVEIS URBANOS-PATRIMNIO;s/planta c/certido n621
SETOR N3;ALBERGUE MUNICIPAL;11/11/1111;CADASTRO DE IMVEIS URBANOS-PATRIMNIO;c/planta  c/certido  s/n
SETOR N3;Colgio Francisco Carlos;11/11/1111;CADASTRO DE IMVEIS URBANOS-PATRIMNIO;c/planta  c/certido s/n
SETOR N3;Creche da Vila Nova;11/11/1111;CADASTRO DE IMVEIS URBANOS-PATRIMNIO;s/planta  c/certido n11.387
SETOR N3;Largo Araci Baez Vila Nova;11/11/1111;CADASTRO DE IMVEIS URBANOS-PATRIMNIO;(sem documentao)
SETOR N3;POSTO MDICO VILA NOVA;11/11/1111;CADASTRO DE IMVEIS URBANOS-PATRIMNIO;c/planta c/certido n8.586
SETOR N3;Terreno na Rua General Sampaio destinado ao Pronto Socorro;11/11/1111;CADASTRO DE IMVEIS URBANOS-PATRIMNIO;s/planta  c/certido n17.730
SETOR N4;Terreno na Rua Manoel ManoVila Nova destinado p/abertura de Rua;11/11/1111;CADASTRO DE IMVEIS URBANOS-PATRIMNIO;c/planta  c/certido n12.248
SETOR N4;Terreno na Vila Pombal as margens do Rio Ibirapuit;11/11/1111;CADASTRO DE IMVEIS URBANOS-PATRIMNIO;s/planta  c/certido n13.923
SETOR N4;TERRENO VILA NOVA;11/11/1111;CADASTRO DE IMVEIS URBANOS-PATRIMNIO;s/planta c/certido n9.544
SETOR N4;Vila Tripa;11/11/1111;CADASTRO DE IMVEIS URBANOS-PATRIMNIO;c/planta  c/certido n22.470 at 22.485
SETOR N4;ESCOLA DEMOCRATINO SILVEIRA(COXILHA VERMELHA);11/11/1111;CADASTRO IMVEIS RURAIS;desativada
SETOR N4;ESCOLA JOO JORGENS(RIVADARIA CORREA);11/11/1111;CADASTRO IMVEIS RURAIS;desativada
SETOR N4;ESCOLA RURAL EDELMIRO FIORAVANTE(VASCO  ALVES);11/11/1111;CADASTRO IMVEIS RURAIS;desativada
SETOR N4;ESCOLA RURAL FRANCISCO DA COSTA SOBRINHO(VASCO ALVES);11/11/1111;CADASTRO IMVEIS RURAIS;desativada
SETOR N4;ESCOLA RURAL JORGE DA SILVEIRA PINTO(VASCO ALVES);11/11/1111;CADASTRO IMVEIS RURAIS;desativada
SETOR N4;ESCOLA RURAL LUIZ ARAUJO FILHO9VASCO ALVES);11/11/1111;CADASTRO IMVEIS RURAIS;desativada
SETOR N4;ESCOLA RURAL SOBRADO(EMPRESTADA) (VASCO ALVES);11/11/1111;CADASTRO IMVEIS RURAIS;desativada